{
    "val_loss": 0.6425005435943604,
    "val_accuracy": 0.9443209375,
    "val_precision": 0.8969512572488555,
    "val_recall": 0.8214411543940809,
    "val_f1_score": 0.8575371622891218
}