{
    "val_loss": 0.6441906690597534,
    "val_accuracy": 0.9305203125,
    "val_precision": 0.8425620520516193,
    "val_recall": 0.8466202903100134,
    "val_f1_score": 0.8445862962489191
}