{
    "val_loss": 0.6302816867828369,
    "val_accuracy": 0.96729,
    "val_precision": 0.9235909062944996,
    "val_recall": 0.9196882559576373,
    "val_f1_score": 0.9216354497172282
}