{
    "val_loss": 0.6504523396492005,
    "val_accuracy": 0.950473125,
    "val_precision": 0.85881149774956,
    "val_recall": 0.8658475098178443,
    "val_f1_score": 0.8623151515362122
}