{
    "val_loss": 0.6430154323577881,
    "val_accuracy": 0.9645090625,
    "val_precision": 0.9039413748594746,
    "val_recall": 0.9066306519400512,
    "val_f1_score": 0.9052840161825549
}