{
    "val_loss": 0.6416945338249207,
    "val_accuracy": 0.95138125,
    "val_precision": 0.9142036972863464,
    "val_recall": 0.8405615722798364,
    "val_f1_score": 0.8758373675415032
}