{
    "val_loss": 0.6371631026268005,
    "val_accuracy": 0.96188,
    "val_precision": 0.9168752504147554,
    "val_recall": 0.8992629249611889,
    "val_f1_score": 0.9079836883466422
}