{
    "val_loss": 0.6548321008682251,
    "val_accuracy": 0.94358625,
    "val_precision": 0.8387145191091758,
    "val_recall": 0.8481553269329072,
    "val_f1_score": 0.8434085046069079
}