{
    "val_loss": 0.6465654492378234,
    "val_accuracy": 0.9606203125,
    "val_precision": 0.8839347074850489,
    "val_recall": 0.9088339647603584,
    "val_f1_score": 0.89621142675005
}