{
    "val_loss": 0.6431175589561462,
    "val_accuracy": 0.965055625,
    "val_precision": 0.9106289728329082,
    "val_recall": 0.9017028484374687,
    "val_f1_score": 0.9061439290930151
}