{
    "val_loss": 0.6384742259979248,
    "val_accuracy": 0.9593190625,
    "val_precision": 0.9052354793025374,
    "val_recall": 0.8996723280843072,
    "val_f1_score": 0.9024453302218715
}