{
    "val_loss": 0.6415796518325806,
    "val_accuracy": 0.9631875,
    "val_precision": 0.8986754044427346,
    "val_recall": 0.9052926280059601,
    "val_f1_score": 0.9019718797432962
}