{
    "val_loss": 0.6394420146942139,
    "val_accuracy": 0.9488975,
    "val_precision": 0.9051984576550792,
    "val_recall": 0.8371792711508709,
    "val_f1_score": 0.8698611931247543
}