{
    "val_loss": 0.6375197291374206,
    "val_accuracy": 0.968661875,
    "val_precision": 0.9222877130664967,
    "val_recall": 0.9090845310401507,
    "val_f1_score": 0.9156385282295717
}