{
    "val_loss": 0.637704610824585,
    "val_accuracy": 0.969275625,
    "val_precision": 0.921215070347596,
    "val_recall": 0.9139271420076038,
    "val_f1_score": 0.91755663484695
}