{
    "val_loss": 0.6387560486793518,
    "val_accuracy": 0.93845,
    "val_precision": 0.8694812606741638,
    "val_recall": 0.851857249762466,
    "val_f1_score": 0.8605790330572662
}