{
    "val_loss": 0.6371970653533936,
    "val_accuracy": 0.970240625,
    "val_precision": 0.9240904296723627,
    "val_recall": 0.9161839089676002,
    "val_f1_score": 0.9201201846051641
}