{
    "val_loss": 0.6356436252593994,
    "val_accuracy": 0.9592871875,
    "val_precision": 0.904033846771993,
    "val_recall": 0.9009797285687177,
    "val_f1_score": 0.9025042038565473
}