{
    "val_loss": 0.6309077620506287,
    "val_accuracy": 0.965604375,
    "val_precision": 0.9222992005630646,
    "val_recall": 0.9124101442324214,
    "val_f1_score": 0.9173280214637987
}