{
    "val_loss": 0.6388165116310119,
    "val_accuracy": 0.9394725,
    "val_precision": 0.8643480064698973,
    "val_recall": 0.8641978076801264,
    "val_f1_score": 0.864272900549389
}