{
    "val_loss": 0.6527897477149963,
    "val_accuracy": 0.920481875,
    "val_precision": 0.8208745558590267,
    "val_recall": 0.8229958154774083,
    "val_f1_score": 0.821933817025517
}