{
    "val_loss": 0.6350213646888733,
    "val_accuracy": 0.9604340625,
    "val_precision": 0.9115345180097921,
    "val_recall": 0.8979704661966001,
    "val_f1_score": 0.9047016540278118
}