{
    "val_loss": 0.6503305077552796,
    "val_accuracy": 0.9215221875,
    "val_precision": 0.8346903238973638,
    "val_recall": 0.8081201599816139,
    "val_f1_score": 0.8211903743033745
}