{
    "val_loss": 0.6446772336959838,
    "val_accuracy": 0.927288125,
    "val_precision": 0.8484771191058654,
    "val_recall": 0.8204467040928723,
    "val_f1_score": 0.8342265191402047
}