{
    "val_loss": 0.660706079006195,
    "val_accuracy": 0.9414634375,
    "val_precision": 0.8176953146869268,
    "val_recall": 0.8663569386120856,
    "val_f1_score": 0.8413230743426687
}