{
    "val_loss": 0.6387710094451904,
    "val_accuracy": 0.9385615625,
    "val_precision": 0.8681698863256008,
    "val_recall": 0.8541919499090505,
    "val_f1_score": 0.8611241987037985
}