{
    "val_loss": 0.6579517722129822,
    "val_accuracy": 0.9466321875,
    "val_precision": 0.8326703305424388,
    "val_recall": 0.8786233559145207,
    "val_f1_score": 0.8550298595518733
}