{
    "val_loss": 0.6399212002754211,
    "val_accuracy": 0.947898125,
    "val_precision": 0.903870504601334,
    "val_recall": 0.8332179347742835,
    "val_f1_score": 0.8671073942763863
}