{
    "val_loss": 0.6425215840339661,
    "val_accuracy": 0.944189375,
    "val_precision": 0.8900379990459114,
    "val_recall": 0.8288215560423401,
    "val_f1_score": 0.8583396789136366
}