{
    "val_loss": 0.6450775027275085,
    "val_accuracy": 0.9288784375,
    "val_precision": 0.8457730415517037,
    "val_recall": 0.8329498221647967,
    "val_f1_score": 0.839312455651695
}