{
    "val_loss": 0.6494465231895447,
    "val_accuracy": 0.95374375,
    "val_precision": 0.8544940944192554,
    "val_recall": 0.8939934506996795,
    "val_f1_score": 0.8737976157793053
}