{
    "val_loss": 0.6400556802749634,
    "val_accuracy": 0.94731875,
    "val_precision": 0.9045728436650926,
    "val_recall": 0.8292428118441814,
    "val_f1_score": 0.8652713753220764
}