{
    "val_loss": 0.6473889946937561,
    "val_accuracy": 0.9571196875,
    "val_precision": 0.874629215259661,
    "val_recall": 0.8878785605496248,
    "val_f1_score": 0.8812040880816231
}