{
    "val_loss": 0.6429593443870545,
    "val_accuracy": 0.9637903125,
    "val_precision": 0.9059515420798865,
    "val_recall": 0.8998603510600625,
    "val_f1_score": 0.9028956734600838
}