{
    "val_loss": 0.657445240020752,
    "val_accuracy": 0.9405903125,
    "val_precision": 0.8162061861116248,
    "val_recall": 0.8625606473234925,
    "val_f1_score": 0.8387434421745049
}