{
    "val_loss": 0.6658785939216614,
    "val_accuracy": 0.9314425,
    "val_precision": 0.7668618183957532,
    "val_recall": 0.8868858722485176,
    "val_f1_score": 0.8225183521641558
}