{
    "val_loss": 0.6399681687355041,
    "val_accuracy": 0.936639375,
    "val_precision": 0.8647562522135521,
    "val_recall": 0.8485780190643822,
    "val_f1_score": 0.856590753804956
}