{
    "val_loss": 0.6344264864921569,
    "val_accuracy": 0.960330625,
    "val_precision": 0.9088840535784565,
    "val_recall": 0.9006136564330828,
    "val_f1_score": 0.9047299548799049
}