{
    "val_loss": 0.6305105209350585,
    "val_accuracy": 0.965740625,
    "val_precision": 0.9277870440157344,
    "val_recall": 0.906771139171661,
    "val_f1_score": 0.9171587170369072
}