{
    "val_loss": 0.6385509371757507,
    "val_accuracy": 0.950644375,
    "val_precision": 0.910030192656324,
    "val_recall": 0.8412325178842236,
    "val_f1_score": 0.8742800103162701
}