{
    "val_loss": 0.653611934185028,
    "val_accuracy": 0.9471240625,
    "val_precision": 0.8405479950905682,
    "val_recall": 0.8698077953073234,
    "val_f1_score": 0.854927615136303
}