{
    "val_loss": 0.6427239894866943,
    "val_accuracy": 0.9493425,
    "val_precision": 0.9142419136442375,
    "val_recall": 0.8294909698074479,
    "val_f1_score": 0.8698068595073183
}