{
    "val_loss": 0.6371713995933532,
    "val_accuracy": 0.969803125,
    "val_precision": 0.9282416648752674,
    "val_recall": 0.9088439874115501,
    "val_f1_score": 0.9184404166856576
}