{
    "val_loss": 0.6443745493888855,
    "val_accuracy": 0.9445871875,
    "val_precision": 0.9010419741674075,
    "val_recall": 0.8182365466215284,
    "val_f1_score": 0.857645185918417
}