{
    "val_loss": 0.6590344905853271,
    "val_accuracy": 0.94345125,
    "val_precision": 0.822963788796248,
    "val_recall": 0.8718542335800806,
    "val_f1_score": 0.8467038394353263
}