{
    "val_loss": 0.644276785850525,
    "val_accuracy": 0.9466478125,
    "val_precision": 0.897201775070899,
    "val_recall": 0.8340344051102159,
    "val_f1_score": 0.8644657006380299
}