{
    "val_loss": 0.6427969336509705,
    "val_accuracy": 0.9328840625,
    "val_precision": 0.8497644681355329,
    "val_recall": 0.8491511837462268,
    "val_f1_score": 0.8494577152474084
}