{
    "val_loss": 0.658353066444397,
    "val_accuracy": 0.9446409375,
    "val_precision": 0.8214584875521097,
    "val_recall": 0.8828209096095367,
    "val_f1_score": 0.851035024415594
}