{
    "val_loss": 0.6340085387229919,
    "val_accuracy": 0.9609509375,
    "val_precision": 0.9100621975253581,
    "val_recall": 0.9024813714108121,
    "val_f1_score": 0.9062559313527273
}