{
    "val_loss": 0.6530305504798889,
    "val_accuracy": 0.9478296875,
    "val_precision": 0.8472413592677815,
    "val_recall": 0.8646402333602586,
    "val_f1_score": 0.8558523787444319
}