{
    "val_loss": 0.6429736971855163,
    "val_accuracy": 0.93555625,
    "val_precision": 0.8616017720811691,
    "val_recall": 0.84707153487616,
    "val_f1_score": 0.8542748722732187
}