{
    "val_loss": 0.6372961401939392,
    "val_accuracy": 0.9603046875,
    "val_precision": 0.9091466083150984,
    "val_recall": 0.9001579339785168,
    "val_f1_score": 0.9046299431571186
}