{
    "val_loss": 0.6434391736984253,
    "val_accuracy": 0.9416646875,
    "val_precision": 0.8850507109779892,
    "val_recall": 0.8206292795759869,
    "val_f1_score": 0.8516234362369377
}