{
    "val_loss": 0.6368711233139038,
    "val_accuracy": 0.961031875,
    "val_precision": 0.9181099677992467,
    "val_recall": 0.8933624398035462,
    "val_f1_score": 0.9055671589571781
}