{
    "val_loss": 0.6428436875343323,
    "val_accuracy": 0.9481971875,
    "val_precision": 0.9155023059716391,
    "val_recall": 0.8219298111242168,
    "val_f1_score": 0.8661963020331795
}