{
    "val_loss": 0.6450862407684326,
    "val_accuracy": 0.9616959375,
    "val_precision": 0.8907069921197289,
    "val_recall": 0.9064769712884452,
    "val_f1_score": 0.898522792281066
}