{
    "val_loss": 0.6427683472633362,
    "val_accuracy": 0.9594809375,
    "val_precision": 0.8970253343514707,
    "val_recall": 0.8850034411102424,
    "val_f1_score": 0.8909738367815415
}