{
    "val_loss": 0.6408674359321594,
    "val_accuracy": 0.9467484375,
    "val_precision": 0.9079845400495598,
    "val_recall": 0.8222989843905577,
    "val_f1_score": 0.8630201404323903
}