{
    "val_loss": 0.6500789403915406,
    "val_accuracy": 0.9206025,
    "val_precision": 0.8381485024652292,
    "val_recall": 0.7980582469849296,
    "val_f1_score": 0.8176122300133809
}