{
    "val_loss": 0.6416373491287232,
    "val_accuracy": 0.9642059375,
    "val_precision": 0.9100211912138618,
    "val_recall": 0.8973964493087712,
    "val_f1_score": 0.9036647285957832
}