{
    "val_loss": 0.6366649270057678,
    "val_accuracy": 0.962241875,
    "val_precision": 0.9171180544464168,
    "val_recall": 0.9008796190459114,
    "val_f1_score": 0.9089263155355759
}