{
    "val_loss": 0.6487572908401489,
    "val_accuracy": 0.9546665625,
    "val_precision": 0.8631899883609266,
    "val_recall": 0.8875906983884952,
    "val_f1_score": 0.8752203064722149
}