{
    "val_loss": 0.6414781093597413,
    "val_accuracy": 0.9639559375,
    "val_precision": 0.9034147725849937,
    "val_recall": 0.9039746493742524,
    "val_f1_score": 0.9036946242628328
}