{
    "val_loss": 0.6295280933380127,
    "val_accuracy": 0.968731875,
    "val_precision": 0.9308748923208287,
    "val_recall": 0.9187185383412001,
    "val_f1_score": 0.9247567668375704
}