{
    "val_loss": 0.6476139068603516,
    "val_accuracy": 0.92825125,
    "val_precision": 0.8414536752484076,
    "val_recall": 0.8357133447872844,
    "val_f1_score": 0.8385736864900133
}